[{"model": "admin.logentry", "pk": 1, "fields": {"action_time": "2023-09-28T16:04:32.194Z", "user": 8, "content_type": 7, "object_id": "1", "object_repr": "Travel", "action_flag": 1, "change_message": "[{\"added\": {}}]"}}, {"model": "admin.logentry", "pk": 2, "fields": {"action_time": "2023-09-28T16:04:36.499Z", "user": 8, "content_type": 7, "object_id": "2", "object_repr": "Rent", "action_flag": 1, "change_message": "[{\"added\": {}}]"}}, {"model": "admin.logentry", "pk": 3, "fields": {"action_time": "2023-09-28T16:04:44.121Z", "user": 8, "content_type": 7, "object_id": "3", "object_repr": "Food", "action_flag": 1, "change_message": "[{\"added\": {}}]"}}, {"model": "admin.logentry", "pk": 4, "fields": {"action_time": "2023-09-28T16:05:03.863Z", "user": 8, "content_type": 7, "object_id": "4", "object_repr": "Entertainment", "action_flag": 1, "change_message": "[{\"added\": {}}]"}}, {"model": "admin.logentry", "pk": 5, "fields": {"action_time": "2023-09-28T16:05:13.701Z", "user": 8, "content_type": 10, "object_id": "1", "object_repr": "Salary", "action_flag": 1, "change_message": "[{\"added\": {}}]"}}, {"model": "admin.logentry", "pk": 6, "fields": {"action_time": "2023-09-28T16:05:19.009Z", "user": 8, "content_type": 10, "object_id": "2", "object_repr": "Freelancing", "action_flag": 1, "change_message": "[{\"added\": {}}]"}}, {"model": "admin.logentry", "pk": 7, "fields": {"action_time": "2023-09-28T16:05:25.655Z", "user": 8, "content_type": 10, "object_id": "3", "object_repr": "Business", "action_flag": 1, "change_message": "[{\"added\": {}}]"}}, {"model": "admin.logentry", "pk": 8, "fields": {"action_time": "2023-09-28T16:05:41.669Z", "user": 8, "content_type": 10, "object_id": "4", "object_repr": "Investments", "action_flag": 1, "change_message": "[{\"added\": {}}]"}}, {"model": "admin.logentry", "pk": 9, "fields": {"action_time": "2023-09-29T06:00:52.531Z", "user": 8, "content_type": 8, "object_id": "8", "object_repr": "Travel", "action_flag": 3, "change_message": ""}}, {"model": "admin.logentry", "pk": 10, "fields": {"action_time": "2023-09-29T15:32:24.445Z", "user": 8, "content_type": 4, "object_id": "9", "object_repr": "prateekgoyal6417@gmail.com", "action_flag": 2, "change_message": "[{\"changed\": {\"fields\": [\"Username\", \"First name\", \"Last name\"]}}]"}}, {"model": "admin.logentry", "pk": 11, "fields": {"action_time": "2023-09-29T15:33:13.197Z", "user": 8, "content_type": 4, "object_id": "9", "object_repr": "prateekgoyal", "action_flag": 2, "change_message": "[{\"changed\": {\"fields\": [\"Username\"]}}]"}}, {"model": "admin.logentry", "pk": 12, "fields": {"action_time": "2023-09-29T15:56:39.028Z", "user": 8, "content_type": 4, "object_id": "8", "object_repr": "admin", "action_flag": 2, "change_message": "[{\"changed\": {\"fields\": [\"First name\", \"Last name\", \"Email address\"]}}]"}}, {"model": "auth.permission", "pk": 1, "fields": {"name": "Can add log entry", "content_type": 1, "codename": "add_logentry"}}, {"model": "auth.permission", "pk": 2, "fields": {"name": "Can change log entry", "content_type": 1, "codename": "change_logentry"}}, {"model": "auth.permission", "pk": 3, "fields": {"name": "Can delete log entry", "content_type": 1, "codename": "delete_logentry"}}, {"model": "auth.permission", "pk": 4, "fields": {"name": "Can view log entry", "content_type": 1, "codename": "view_logentry"}}, {"model": "auth.permission", "pk": 5, "fields": {"name": "Can add permission", "content_type": 2, "codename": "add_permission"}}, {"model": "auth.permission", "pk": 6, "fields": {"name": "Can change permission", "content_type": 2, "codename": "change_permission"}}, {"model": "auth.permission", "pk": 7, "fields": {"name": "Can delete permission", "content_type": 2, "codename": "delete_permission"}}, {"model": "auth.permission", "pk": 8, "fields": {"name": "Can view permission", "content_type": 2, "codename": "view_permission"}}, {"model": "auth.permission", "pk": 9, "fields": {"name": "Can add group", "content_type": 3, "codename": "add_group"}}, {"model": "auth.permission", "pk": 10, "fields": {"name": "Can change group", "content_type": 3, "codename": "change_group"}}, {"model": "auth.permission", "pk": 11, "fields": {"name": "Can delete group", "content_type": 3, "codename": "delete_group"}}, {"model": "auth.permission", "pk": 12, "fields": {"name": "Can view group", "content_type": 3, "codename": "view_group"}}, {"model": "auth.permission", "pk": 13, "fields": {"name": "Can add user", "content_type": 4, "codename": "add_user"}}, {"model": "auth.permission", "pk": 14, "fields": {"name": "Can change user", "content_type": 4, "codename": "change_user"}}, {"model": "auth.permission", "pk": 15, "fields": {"name": "Can delete user", "content_type": 4, "codename": "delete_user"}}, {"model": "auth.permission", "pk": 16, "fields": {"name": "Can view user", "content_type": 4, "codename": "view_user"}}, {"model": "auth.permission", "pk": 17, "fields": {"name": "Can add content type", "content_type": 5, "codename": "add_contenttype"}}, {"model": "auth.permission", "pk": 18, "fields": {"name": "Can change content type", "content_type": 5, "codename": "change_contenttype"}}, {"model": "auth.permission", "pk": 19, "fields": {"name": "Can delete content type", "content_type": 5, "codename": "delete_contenttype"}}, {"model": "auth.permission", "pk": 20, "fields": {"name": "Can view content type", "content_type": 5, "codename": "view_contenttype"}}, {"model": "auth.permission", "pk": 21, "fields": {"name": "Can add session", "content_type": 6, "codename": "add_session"}}, {"model": "auth.permission", "pk": 22, "fields": {"name": "Can change session", "content_type": 6, "codename": "change_session"}}, {"model": "auth.permission", "pk": 23, "fields": {"name": "Can delete session", "content_type": 6, "codename": "delete_session"}}, {"model": "auth.permission", "pk": 24, "fields": {"name": "Can view session", "content_type": 6, "codename": "view_session"}}, {"model": "auth.permission", "pk": 25, "fields": {"name": "Can add category", "content_type": 7, "codename": "add_category"}}, {"model": "auth.permission", "pk": 26, "fields": {"name": "Can change category", "content_type": 7, "codename": "change_category"}}, {"model": "auth.permission", "pk": 27, "fields": {"name": "Can delete category", "content_type": 7, "codename": "delete_category"}}, {"model": "auth.permission", "pk": 28, "fields": {"name": "Can view category", "content_type": 7, "codename": "view_category"}}, {"model": "auth.permission", "pk": 29, "fields": {"name": "Can add expense", "content_type": 8, "codename": "add_expense"}}, {"model": "auth.permission", "pk": 30, "fields": {"name": "Can change expense", "content_type": 8, "codename": "change_expense"}}, {"model": "auth.permission", "pk": 31, "fields": {"name": "Can delete expense", "content_type": 8, "codename": "delete_expense"}}, {"model": "auth.permission", "pk": 32, "fields": {"name": "Can view expense", "content_type": 8, "codename": "view_expense"}}, {"model": "auth.permission", "pk": 33, "fields": {"name": "Can add user prefernce", "content_type": 9, "codename": "add_userprefernce"}}, {"model": "auth.permission", "pk": 34, "fields": {"name": "Can change user prefernce", "content_type": 9, "codename": "change_userprefernce"}}, {"model": "auth.permission", "pk": 35, "fields": {"name": "Can delete user prefernce", "content_type": 9, "codename": "delete_userprefernce"}}, {"model": "auth.permission", "pk": 36, "fields": {"name": "Can view user prefernce", "content_type": 9, "codename": "view_userprefernce"}}, {"model": "auth.permission", "pk": 37, "fields": {"name": "Can add source", "content_type": 10, "codename": "add_source"}}, {"model": "auth.permission", "pk": 38, "fields": {"name": "Can change source", "content_type": 10, "codename": "change_source"}}, {"model": "auth.permission", "pk": 39, "fields": {"name": "Can delete source", "content_type": 10, "codename": "delete_source"}}, {"model": "auth.permission", "pk": 40, "fields": {"name": "Can view source", "content_type": 10, "codename": "view_source"}}, {"model": "auth.permission", "pk": 41, "fields": {"name": "Can add user income", "content_type": 11, "codename": "add_userincome"}}, {"model": "auth.permission", "pk": 42, "fields": {"name": "Can change user income", "content_type": 11, "codename": "change_userincome"}}, {"model": "auth.permission", "pk": 43, "fields": {"name": "Can delete user income", "content_type": 11, "codename": "delete_userincome"}}, {"model": "auth.permission", "pk": 44, "fields": {"name": "Can view user income", "content_type": 11, "codename": "view_userincome"}}, {"model": "auth.user", "pk": 8, "fields": {"password": "pbkdf2_sha256$600000$le8UI8DkyOrPpb0zjBnhGC$rtomuyS3iOkCvthPsXZZYWS5NPaauegkkj9BzxVsWzk=", "last_login": "2023-09-29T15:55:58Z", "is_superuser": true, "username": "admin", "first_name": "Prateek", "last_name": "Goyal", "email": "test@gmail.com", "is_staff": true, "is_active": true, "date_joined": "2023-09-28T16:00:55Z", "groups": [], "user_permissions": []}}, {"model": "auth.user", "pk": 9, "fields": {"password": "pbkdf2_sha256$600000$txCLmoBitV7OYNqY8DVkCL$WArmTBKTdX2lU3Dgn4yjOnaz2WQ1cojELADMz3mlvEc=", "last_login": "2023-10-01T11:18:53.279Z", "is_superuser": false, "username": "prateekgoyal", "first_name": "Prateek", "last_name": "Goyal", "email": "prateekgoyal6417@gmail.com", "is_staff": false, "is_active": true, "date_joined": "2023-09-28T16:01:39Z", "groups": [], "user_permissions": []}}, {"model": "auth.user", "pk": 10, "fields": {"password": "pbkdf2_sha256$600000$WwTjMOUytRaVVwjCwDK1Wg$fI+itHXV5WroK9G6M5gPmMR55lfwZfKbfIj8aqq3pvQ=", "last_login": "2023-09-28T18:18:49.528Z", "is_superuser": true, "username": "root", "first_name": "", "last_name": "", "email": "", "is_staff": true, "is_active": true, "date_joined": "2023-09-28T18:18:08.544Z", "groups": [], "user_permissions": []}}, {"model": "contenttypes.contenttype", "pk": 1, "fields": {"app_label": "admin", "model": "logentry"}}, {"model": "contenttypes.contenttype", "pk": 2, "fields": {"app_label": "auth", "model": "permission"}}, {"model": "contenttypes.contenttype", "pk": 3, "fields": {"app_label": "auth", "model": "group"}}, {"model": "contenttypes.contenttype", "pk": 4, "fields": {"app_label": "auth", "model": "user"}}, {"model": "contenttypes.contenttype", "pk": 5, "fields": {"app_label": "contenttypes", "model": "contenttype"}}, {"model": "contenttypes.contenttype", "pk": 6, "fields": {"app_label": "sessions", "model": "session"}}, {"model": "contenttypes.contenttype", "pk": 7, "fields": {"app_label": "expenses", "model": "category"}}, {"model": "contenttypes.contenttype", "pk": 8, "fields": {"app_label": "expenses", "model": "expense"}}, {"model": "contenttypes.contenttype", "pk": 9, "fields": {"app_label": "userprefernces", "model": "userprefernce"}}, {"model": "contenttypes.contenttype", "pk": 10, "fields": {"app_label": "userincome", "model": "source"}}, {"model": "contenttypes.contenttype", "pk": 11, "fields": {"app_label": "userincome", "model": "userincome"}}, {"model": "sessions.session", "pk": "k6v6jwhpmeoeru8vljdkvu0quaf6bfue", "fields": {"session_data": ".eJxVjDsOwjAQBe_iGln-gD-U9JzBWu-ucQDZUpxUiLtDpBTQvpl5L5FgXWpaB89pInEWURx-twz44LYBukO7dYm9LfOU5abInQ557cTPy-7-HVQY9VsrlS2QLyEeMRtVNKEuwRhgh4VizFaF4l3QNqI7kWey0WfWGjwC2iDeH_qWOHE:1qmuTN:Byx6Gw205JQfAO5VWIB-fzrz9RF0JPbF69ymrS5tXVM", "expire_date": "2023-10-15T11:18:53.287Z"}}, {"model": "sessions.session", "pk": "wo6gzul81rjrh2noiuyzojgk81ienpbh", "fields": {"session_data": ".eJxVjDsOwjAQBe_iGln-gD-U9JzBWu-ucQDZUpxUiLtDpBTQvpl5L5FgXWpaB89pInEWURx-twz44LYBukO7dYm9LfOU5abInQ557cTPy-7-HVQY9VsrlS2QLyEeMRtVNKEuwRhgh4VizFaF4l3QNqI7kWey0WfWGjwC2iDeH_qWOHE:1qmXZt:6H8bP63NpEn3NB7HsTD1EBejjU0Fcxke3IfSsjOdh_k", "expire_date": "2023-10-14T10:52:05.196Z"}}, {"model": "expenses.expense", "pk": 6, "fields": {"amount": 1222.0, "date": "2023-09-22", "description": "Testing", "owner": 8, "category": "Rent"}}, {"model": "expenses.expense", "pk": 7, "fields": {"amount": 1200.0, "date": "2023-09-27", "description": "Testing", "owner": 9, "category": "Travel"}}, {"model": "expenses.expense", "pk": 9, "fields": {"amount": 65.0, "date": "2023-09-28", "description": "Cab", "owner": 8, "category": "Travel"}}, {"model": "expenses.expense", "pk": 10, "fields": {"amount": 1000.0, "date": "2023-09-28", "description": "Movies", "owner": 9, "category": "Entertainment"}}, {"model": "expenses.expense", "pk": 11, "fields": {"amount": 800.0, "date": "2023-09-21", "description": "Restaurant", "owner": 9, "category": "Food"}}, {"model": "expenses.expense", "pk": 12, "fields": {"amount": 1300.0, "date": "2023-09-18", "description": "Rental", "owner": 9, "category": "Rent"}}, {"model": "expenses.expense", "pk": 13, "fields": {"amount": 2000.0, "date": "2023-01-14", "description": "Testing", "owner": 9, "category": "Travel"}}, {"model": "expenses.expense", "pk": 14, "fields": {"amount": 1000.0, "date": "2023-01-12", "description": "Food", "owner": 9, "category": "Food"}}, {"model": "expenses.expense", "pk": 15, "fields": {"amount": 400.0, "date": "2023-02-09", "description": "Testing", "owner": 9, "category": "Entertainment"}}, {"model": "expenses.expense", "pk": 16, "fields": {"amount": 4000.0, "date": "2023-02-23", "description": "Testing", "owner": 9, "category": "Rent"}}, {"model": "expenses.expense", "pk": 17, "fields": {"amount": 2000.0, "date": "2023-08-16", "description": "Testing", "owner": 9, "category": "Travel"}}, {"model": "expenses.expense", "pk": 18, "fields": {"amount": 1200.0, "date": "2023-03-16", "description": "Testing", "owner": 9, "category": "Travel"}}, {"model": "expenses.expense", "pk": 19, "fields": {"amount": 1800.0, "date": "2023-05-01", "description": "Testing", "owner": 9, "category": "Travel"}}, {"model": "expenses.expense", "pk": 20, "fields": {"amount": 500.0, "date": "2023-04-11", "description": "Testing", "owner": 9, "category": "Travel"}}, {"model": "expenses.expense", "pk": 21, "fields": {"amount": 700.0, "date": "2023-06-14", "description": "Testing", "owner": 9, "category": "Food"}}, {"model": "expenses.expense", "pk": 22, "fields": {"amount": 890.0, "date": "2023-07-30", "description": "Testing", "owner": 9, "category": "Travel"}}, {"model": "expenses.category", "pk": 1, "fields": {"name": "Travel"}}, {"model": "expenses.category", "pk": 2, "fields": {"name": "Rent"}}, {"model": "expenses.category", "pk": 3, "fields": {"name": "Food"}}, {"model": "expenses.category", "pk": 4, "fields": {"name": "Entertainment"}}, {"model": "expenses.category", "pk": 5, "fields": {"name": ""}}, {"model": "expenses.category", "pk": 6, "fields": {"name": "Testing"}}, {"model": "userprefernces.userprefernce", "pk": 1, "fields": {"user": 9, "currency": "INR - Indian Rupee"}}, {"model": "userprefernces.userprefernce", "pk": 2, "fields": {"user": 8, "currency": ""}}, {"model": "userincome.userincome", "pk": 1, "fields": {"amount": 14000.0, "date": "2023-09-02", "description": "Testing", "owner": 9, "source": "Freelancing"}}, {"model": "userincome.userincome", "pk": 3, "fields": {"amount": 5000.0, "date": "2023-01-11", "description": "Testing", "owner": 9, "source": "Salary"}}, {"model": "userincome.userincome", "pk": 4, "fields": {"amount": 6000.0, "date": "2023-02-11", "description": "Testing", "owner": 9, "source": "Salary"}}, {"model": "userincome.userincome", "pk": 5, "fields": {"amount": 7000.0, "date": "2023-03-23", "description": "Testing", "owner": 9, "source": "Salary"}}, {"model": "userincome.userincome", "pk": 6, "fields": {"amount": 8000.0, "date": "2023-04-08", "description": "Testing", "owner": 9, "source": "Salary"}}, {"model": "userincome.userincome", "pk": 7, "fields": {"amount": 9000.0, "date": "2023-05-17", "description": "Testing", "owner": 9, "source": "Salary"}}, {"model": "userincome.userincome", "pk": 8, "fields": {"amount": 10000.0, "date": "2023-06-24", "description": "Testing", "owner": 9, "source": "Salary"}}, {"model": "userincome.userincome", "pk": 9, "fields": {"amount": 11000.0, "date": "2023-07-19", "description": "Testing", "owner": 9, "source": "Salary"}}, {"model": "userincome.userincome", "pk": 10, "fields": {"amount": 12000.0, "date": "2023-08-09", "description": "Testing", "owner": 9, "source": "Salary"}}, {"model": "userincome.userincome", "pk": 11, "fields": {"amount": 2000.0, "date": "2023-09-27", "description": "Testing", "owner": 9, "source": "Investments"}}, {"model": "userincome.source", "pk": 1, "fields": {"name": "Salary"}}, {"model": "userincome.source", "pk": 2, "fields": {"name": "Freelancing"}}, {"model": "userincome.source", "pk": 3, "fields": {"name": "Business"}}, {"model": "userincome.source", "pk": 4, "fields": {"name": "Investments"}}]